<?xml version="1.0" encoding="UTF-8"?>
<metadata xml:lang="en"><Esri><CreaDate>20200826</CreaDate><CreaTime>13191600</CreaTime><ArcGISFormat>1.0</ArcGISFormat><SyncOnce>TRUE</SyncOnce><DataProperties><lineage><Process ToolSource="c:\program files (x86)\arcgis\desktop10.6\ArcToolbox\Toolboxes\Data Management Tools.tbx\DefineProjection" Date="20200629" Time="172958">DefineProjection 219Teaching PROJCS['NAD_1983_StatePlane_Michigan_South_FIPS_2113_Feet',GEOGCS['GCS_North_American_1983',DATUM['D_North_American_1983',SPHEROID['GRS_1980',6378137.0,298.257222101]],PRIMEM['Greenwich',0.0],UNIT['Degree',0.0174532925199433]],PROJECTION['Lambert_Conformal_Conic'],PARAMETER['False_Easting',13123333.33333333],PARAMETER['False_Northing',0.0],PARAMETER['Central_Meridian',-84.36666666666666],PARAMETER['Standard_Parallel_1',42.1],PARAMETER['Standard_Parallel_2',43.66666666666666],PARAMETER['Latitude_Of_Origin',41.5],UNIT['Foot_US',0.3048006096012192]]</Process></lineage><itemProps><itemLocation><linkage Sync="TRUE">file://\\DESKTOP-P44BUC9\D\GIS Intern\Mark Jefferson\R219\219Teaching</linkage><protocol Sync="TRUE">Local Area Network</protocol></itemLocation></itemProps><copyHistory><copy source="D:\GIS Intern\Mark Jefferson\R217\219Teaching" dest="\\DESKTOP-P44BUC9\D\GIS Intern\Mark Jefferson\R219\219Teaching" date="20200629" time="17542700"></copy></copyHistory></DataProperties></Esri></metadata>
