<?xml version="1.0" encoding="UTF-8"?>
<metadata xml:lang="en"><Esri><CreaDate>20200826</CreaDate><CreaTime>15180700</CreaTime><ArcGISFormat>1.0</ArcGISFormat><SyncOnce>FALSE</SyncOnce><DataProperties><lineage><Process ToolSource="c:\program files (x86)\arcgis\desktop10.7\ArcToolbox\Toolboxes\Data Management Tools.tbx\CreateFishnet" Date="20200826" Time="151807">CreateFishnet C:\Data\Tutorial\Exercise2\Results\test.shp "13323598.6967 273402.302413" "13323598.6967 273419.45519" 1.5 1.5 # # "13323632.9959 273419.45519" LABELS "13323598.6966725 273402.302412614 13323632.995896 273419.45519039" POLYGON</Process><Process ToolSource="c:\program files (x86)\arcgis\desktop10.7\ArcToolbox\Toolboxes\Data Management Tools.tbx\Sort" Date="20200826" Time="151807">Sort C:\Data\Tutorial\Exercise2\Results\test.shp C:\Data\Tutorial\Exercise2\Results\Fishnet.shp "Shape ASCENDING" UL</Process><Process ToolSource="c:\program files (x86)\arcgis\desktop10.7\ArcToolbox\Toolboxes\Analysis Tools.tbx\Clip" Date="20200826" Time="151809">Clip C:\Data\Tutorial\Exercise2\Results\Fishnet.shp in_memory\fACC808BC_60FF_44D0_89E9_0B82701BFBD4 C:\Data\Tutorial\Exercise2\Results\FishnetClip.shp #</Process><Process ToolSource="c:\program files (x86)\arcgis\desktop10.7\ArcToolbox\Toolboxes\Data Management Tools.tbx\CopyFeatures" Date="20200826" Time="151809">CopyFeatures C:\Data\Tutorial\Exercise2\Results\FishnetClip.shp C:\Data\Tutorial\Exercise2\Results\101RevisedSeats.shp # 0 0 0</Process><Process ToolSource="c:\program files (x86)\arcgis\desktop10.7\ArcToolbox\Toolboxes\Data Management Tools.tbx\Append" Date="20200826" Time="151810">Append C:\Data\Tutorial\Exercise2\Results\FishnetClip.shp C:\Data\Tutorial\Exercise2\Results\101RevisedSeats.shp TEST # #</Process><Process ToolSource="c:\program files (x86)\arcgis\desktop10.7\ArcToolbox\Toolboxes\Data Management Tools.tbx\Append" Date="20200826" Time="151811">Append C:\Data\Tutorial\Exercise2\Results\FishnetClip.shp C:\Data\Tutorial\Exercise2\Results\101RevisedSeats.shp TEST # #</Process><Process ToolSource="c:\program files (x86)\arcgis\desktop10.7\ArcToolbox\Toolboxes\Data Management Tools.tbx\Append" Date="20200826" Time="151812">Append C:\Data\Tutorial\Exercise2\Results\FishnetClip.shp C:\Data\Tutorial\Exercise2\Results\101RevisedSeats.shp TEST # #</Process><Process ToolSource="c:\program files (x86)\arcgis\desktop10.7\ArcToolbox\Toolboxes\Data Management Tools.tbx\Append" Date="20200826" Time="151813">Append C:\Data\Tutorial\Exercise2\Results\FishnetClip.shp C:\Data\Tutorial\Exercise2\Results\101RevisedSeats.shp TEST # #</Process><Process ToolSource="c:\program files (x86)\arcgis\desktop10.7\ArcToolbox\Toolboxes\Data Management Tools.tbx\Append" Date="20200826" Time="151814">Append C:\Data\Tutorial\Exercise2\Results\FishnetClip.shp C:\Data\Tutorial\Exercise2\Results\101RevisedSeats.shp TEST # #</Process><Process ToolSource="c:\program files (x86)\arcgis\desktop10.7\ArcToolbox\Toolboxes\Data Management Tools.tbx\Append" Date="20200826" Time="151815">Append C:\Data\Tutorial\Exercise2\Results\FishnetClip.shp C:\Data\Tutorial\Exercise2\Results\101RevisedSeats.shp TEST # #</Process><Process ToolSource="c:\program files (x86)\arcgis\desktop10.7\ArcToolbox\Toolboxes\Data Management Tools.tbx\Append" Date="20200826" Time="151816">Append C:\Data\Tutorial\Exercise2\Results\FishnetClip.shp C:\Data\Tutorial\Exercise2\Results\101RevisedSeats.shp TEST # #</Process><Process ToolSource="c:\program files (x86)\arcgis\desktop10.7\ArcToolbox\Toolboxes\Data Management Tools.tbx\Append" Date="20200826" Time="151817">Append C:\Data\Tutorial\Exercise2\Results\FishnetClip.shp C:\Data\Tutorial\Exercise2\Results\101RevisedSeats.shp TEST # #</Process><Process ToolSource="c:\program files (x86)\arcgis\desktop10.7\ArcToolbox\Toolboxes\Data Management Tools.tbx\Append" Date="20200826" Time="151818">Append C:\Data\Tutorial\Exercise2\Results\FishnetClip.shp C:\Data\Tutorial\Exercise2\Results\101RevisedSeats.shp TEST # #</Process><Process ToolSource="c:\program files (x86)\arcgis\desktop10.7\ArcToolbox\Toolboxes\Data Management Tools.tbx\Append" Date="20200826" Time="151819">Append C:\Data\Tutorial\Exercise2\Results\FishnetClip.shp C:\Data\Tutorial\Exercise2\Results\101RevisedSeats.shp TEST # #</Process><Process ToolSource="c:\program files (x86)\arcgis\desktop10.7\ArcToolbox\Toolboxes\Data Management Tools.tbx\Append" Date="20200826" Time="151820">Append C:\Data\Tutorial\Exercise2\Results\FishnetClip.shp C:\Data\Tutorial\Exercise2\Results\101RevisedSeats.shp TEST # #</Process><Process ToolSource="c:\program files (x86)\arcgis\desktop10.7\ArcToolbox\Toolboxes\Data Management Tools.tbx\Append" Date="20200826" Time="151821">Append C:\Data\Tutorial\Exercise2\Results\FishnetClip.shp C:\Data\Tutorial\Exercise2\Results\101RevisedSeats.shp TEST # #</Process><Process ToolSource="c:\program files (x86)\arcgis\desktop10.7\ArcToolbox\Toolboxes\Data Management Tools.tbx\Append" Date="20200826" Time="151822">Append C:\Data\Tutorial\Exercise2\Results\FishnetClip.shp C:\Data\Tutorial\Exercise2\Results\101RevisedSeats.shp TEST # #</Process><Process ToolSource="c:\program files (x86)\arcgis\desktop10.7\ArcToolbox\Toolboxes\Data Management Tools.tbx\Append" Date="20200826" Time="151823">Append C:\Data\Tutorial\Exercise2\Results\FishnetClip.shp C:\Data\Tutorial\Exercise2\Results\101RevisedSeats.shp TEST # #</Process><Process ToolSource="c:\program files (x86)\arcgis\desktop10.7\ArcToolbox\Toolboxes\Data Management Tools.tbx\Append" Date="20200826" Time="151824">Append C:\Data\Tutorial\Exercise2\Results\FishnetClip.shp C:\Data\Tutorial\Exercise2\Results\101RevisedSeats.shp TEST # #</Process><Process ToolSource="c:\program files (x86)\arcgis\desktop10.7\ArcToolbox\Toolboxes\Data Management Tools.tbx\Append" Date="20200826" Time="151825">Append C:\Data\Tutorial\Exercise2\Results\FishnetClip.shp C:\Data\Tutorial\Exercise2\Results\101RevisedSeats.shp TEST # #</Process><Process ToolSource="c:\program files (x86)\arcgis\desktop10.7\ArcToolbox\Toolboxes\Data Management Tools.tbx\Append" Date="20200826" Time="151826">Append C:\Data\Tutorial\Exercise2\Results\FishnetClip.shp C:\Data\Tutorial\Exercise2\Results\101RevisedSeats.shp TEST # #</Process><Process ToolSource="C:\Users\trupt\AppData\Roaming\ESRI\Desktop10.7\ArcToolbox\My Toolboxes\Revision.tbx\SeatingCap" Date="20200826" Time="151826">SeatingCap C:\Data\Tutorial\Exercise2\101SeatingArea.shp 1.5 1.5 UL "6 Feet" Center C:\Data\Tutorial\Exercise2\Results\101RevisedSeats.shp</Process></lineage><itemProps><itemName Sync="TRUE">101RevisedSeats</itemName><imsContentType Sync="TRUE">002</imsContentType><itemSize Sync="TRUE">0.000</itemSize><itemLocation><linkage Sync="TRUE">file://\\RUPESH-PC\C$\Data\Tutorial\Exercise2\Results\101RevisedSeats.shp</linkage><protocol Sync="TRUE">Local Area Network</protocol></itemLocation></itemProps><coordRef><type Sync="TRUE">Projected</type><geogcsn Sync="TRUE">GCS_North_American_1983</geogcsn><csUnits Sync="TRUE">Linear Unit: Foot_US (0.304801)</csUnits><projcsn Sync="TRUE">NAD_1983_StatePlane_Michigan_South_FIPS_2113_Feet</projcsn><peXml Sync="TRUE">&lt;ProjectedCoordinateSystem xsi:type='typens:ProjectedCoordinateSystem' xmlns:xsi='http://www.w3.org/2001/XMLSchema-instance' xmlns:xs='http://www.w3.org/2001/XMLSchema' xmlns:typens='http://www.esri.com/schemas/ArcGIS/10.7'&gt;&lt;WKT&gt;PROJCS[&amp;quot;NAD_1983_StatePlane_Michigan_South_FIPS_2113_Feet&amp;quot;,GEOGCS[&amp;quot;GCS_North_American_1983&amp;quot;,DATUM[&amp;quot;D_North_American_1983&amp;quot;,SPHEROID[&amp;quot;GRS_1980&amp;quot;,6378137.0,298.257222101]],PRIMEM[&amp;quot;Greenwich&amp;quot;,0.0],UNIT[&amp;quot;Degree&amp;quot;,0.0174532925199433]],PROJECTION[&amp;quot;Lambert_Conformal_Conic&amp;quot;],PARAMETER[&amp;quot;False_Easting&amp;quot;,13123333.33333333],PARAMETER[&amp;quot;False_Northing&amp;quot;,0.0],PARAMETER[&amp;quot;Central_Meridian&amp;quot;,-84.36666666666666],PARAMETER[&amp;quot;Standard_Parallel_1&amp;quot;,42.1],PARAMETER[&amp;quot;Standard_Parallel_2&amp;quot;,43.66666666666666],PARAMETER[&amp;quot;Latitude_Of_Origin&amp;quot;,41.5],UNIT[&amp;quot;Foot_US&amp;quot;,0.3048006096012192],AUTHORITY[&amp;quot;Esri&amp;quot;,102690]]&lt;/WKT&gt;&lt;XOrigin&gt;-107138400&lt;/XOrigin&gt;&lt;YOrigin&gt;-97193600&lt;/YOrigin&gt;&lt;XYScale&gt;37448328.332049981&lt;/XYScale&gt;&lt;ZOrigin&gt;-100000&lt;/ZOrigin&gt;&lt;ZScale&gt;10000&lt;/ZScale&gt;&lt;MOrigin&gt;-100000&lt;/MOrigin&gt;&lt;MScale&gt;10000&lt;/MScale&gt;&lt;XYTolerance&gt;0.0032808333333333331&lt;/XYTolerance&gt;&lt;ZTolerance&gt;0.001&lt;/ZTolerance&gt;&lt;MTolerance&gt;0.001&lt;/MTolerance&gt;&lt;HighPrecision&gt;true&lt;/HighPrecision&gt;&lt;WKID&gt;102690&lt;/WKID&gt;&lt;LatestWKID&gt;102690&lt;/LatestWKID&gt;&lt;/ProjectedCoordinateSystem&gt;</peXml></coordRef></DataProperties><SyncDate>20200826</SyncDate><SyncTime>15180900</SyncTime><ModDate>20200826</ModDate><ModTime>15180900</ModTime></Esri><dataIdInfo><envirDesc Sync="TRUE"> Version 6.2 (Build 9200) ; Esri ArcGIS 10.7.1.11595</envirDesc><dataLang><languageCode value="eng" Sync="TRUE"></languageCode><countryCode value="USA" Sync="TRUE"></countryCode></dataLang><idCitation><resTitle Sync="TRUE">101RevisedSeats</resTitle><presForm><PresFormCd value="005" Sync="TRUE"></PresFormCd></presForm></idCitation><spatRpType><SpatRepTypCd value="001" Sync="TRUE"></SpatRepTypCd></spatRpType></dataIdInfo><mdLang><languageCode value="eng" Sync="TRUE"></languageCode><countryCode value="USA" Sync="TRUE"></countryCode></mdLang><mdChar><CharSetCd value="004" Sync="TRUE"></CharSetCd></mdChar><distInfo><distFormat><formatName Sync="TRUE">Shapefile</formatName></distFormat><distTranOps><transSize Sync="TRUE">0.000</transSize></distTranOps></distInfo><mdHrLv><ScopeCd value="005" Sync="TRUE"></ScopeCd></mdHrLv><mdHrLvName Sync="TRUE">dataset</mdHrLvName><refSysInfo><RefSystem><refSysID><identCode code="102690" Sync="TRUE"></identCode><idCodeSpace Sync="TRUE">Esri</idCodeSpace><idVersion Sync="TRUE">8.0.1</idVersion></refSysID></RefSystem></refSysInfo><spatRepInfo><VectSpatRep><geometObjs Name="101RevisedSeats"><geoObjTyp><GeoObjTypCd value="002" Sync="TRUE"></GeoObjTypCd></geoObjTyp><geoObjCnt Sync="TRUE">0</geoObjCnt></geometObjs><topLvl><TopoLevCd value="001" Sync="TRUE"></TopoLevCd></topLvl></VectSpatRep></spatRepInfo><spdoinfo><ptvctinf><esriterm Name="101RevisedSeats"><efeatyp Sync="TRUE">Simple</efeatyp><efeageom code="4" Sync="TRUE"></efeageom><esritopo Sync="TRUE">FALSE</esritopo><efeacnt Sync="TRUE">0</efeacnt><spindex Sync="TRUE">FALSE</spindex><linrefer Sync="TRUE">FALSE</linrefer></esriterm></ptvctinf></spdoinfo><eainfo><detailed Name="101RevisedSeats"><enttyp><enttypl Sync="TRUE">101RevisedSeats</enttypl><enttypt Sync="TRUE">Feature Class</enttypt><enttypc Sync="TRUE">0</enttypc></enttyp><attr><attrlabl Sync="TRUE">FID</attrlabl><attalias Sync="TRUE">FID</attalias><attrtype Sync="TRUE">OID</attrtype><attwidth Sync="TRUE">4</attwidth><atprecis Sync="TRUE">0</atprecis><attscale Sync="TRUE">0</attscale><attrdef Sync="TRUE">Internal feature number.</attrdef><attrdefs Sync="TRUE">Esri</attrdefs><attrdomv><udom Sync="TRUE">Sequential unique whole numbers that are automatically generated.</udom></attrdomv></attr><attr><attrlabl Sync="TRUE">Shape</attrlabl><attalias Sync="TRUE">Shape</attalias><attrtype Sync="TRUE">Geometry</attrtype><attwidth Sync="TRUE">0</attwidth><atprecis Sync="TRUE">0</atprecis><attscale Sync="TRUE">0</attscale><attrdef Sync="TRUE">Feature geometry.</attrdef><attrdefs Sync="TRUE">Esri</attrdefs><attrdomv><udom Sync="TRUE">Coordinates defining the features.</udom></attrdomv></attr><attr><attrlabl Sync="TRUE">Id</attrlabl><attalias Sync="TRUE">Id</attalias><attrtype Sync="TRUE">Integer</attrtype><attwidth Sync="TRUE">6</attwidth><atprecis Sync="TRUE">6</atprecis><attscale Sync="TRUE">0</attscale></attr></detailed></eainfo><mdDateSt Sync="TRUE">20200826</mdDateSt></metadata>
